INSERT INTO Pais (ID_pais, Nombre) VALUES (1, 'Northern Mariana Islands');
INSERT INTO Pais (ID_pais, Nombre) VALUES (2, 'Bouvet Island (Bouvetoya)');
INSERT INTO Pais (ID_pais, Nombre) VALUES (3, 'Anguilla');
INSERT INTO Pais (ID_pais, Nombre) VALUES (4, 'Saint Vincent and the Grenadines');
INSERT INTO Pais (ID_pais, Nombre) VALUES (5, 'Falkland Islands (Malvinas)');
INSERT INTO Provincia (ID_provincia, Nombre, ID_pais) VALUES (1, 'Kansas', 1);
INSERT INTO Provincia (ID_provincia, Nombre, ID_pais) VALUES (2, 'Iowa', 1);
INSERT INTO Provincia (ID_provincia, Nombre, ID_pais) VALUES (3, 'Florida', 3);
INSERT INTO Provincia (ID_provincia, Nombre, ID_pais) VALUES (4, 'West Virginia', 2);
INSERT INTO Provincia (ID_provincia, Nombre, ID_pais) VALUES (5, 'Connecticut', 2);
INSERT INTO Provincia (ID_provincia, Nombre, ID_pais) VALUES (6, 'Utah', 2);
INSERT INTO Provincia (ID_provincia, Nombre, ID_pais) VALUES (7, 'West Virginia', 1);
INSERT INTO Provincia (ID_provincia, Nombre, ID_pais) VALUES (8, 'Ohio', 5);
INSERT INTO Provincia (ID_provincia, Nombre, ID_pais) VALUES (9, 'Colorado', 1);
INSERT INTO Provincia (ID_provincia, Nombre, ID_pais) VALUES (10, 'Pennsylvania', 5);
INSERT INTO Localidad (ID_ciudad, Nombre, ID_provincia) VALUES (1, 'Johnsonland', 7);
INSERT INTO Localidad (ID_ciudad, Nombre, ID_provincia) VALUES (2, 'East William', 1);
INSERT INTO Localidad (ID_ciudad, Nombre, ID_provincia) VALUES (3, 'New Jamesside', 1);
INSERT INTO Localidad (ID_ciudad, Nombre, ID_provincia) VALUES (4, 'Robinsonshire', 2);
INSERT INTO Localidad (ID_ciudad, Nombre, ID_provincia) VALUES (5, 'Lisatown', 4);
INSERT INTO Localidad (ID_ciudad, Nombre, ID_provincia) VALUES (6, 'Lake Roberto', 4);
INSERT INTO Localidad (ID_ciudad, Nombre, ID_provincia) VALUES (7, 'Ericmouth', 9);
INSERT INTO Localidad (ID_ciudad, Nombre, ID_provincia) VALUES (8, 'North Noahstad', 10);
INSERT INTO Localidad (ID_ciudad, Nombre, ID_provincia) VALUES (9, 'Cassandraton', 1);
INSERT INTO Localidad (ID_ciudad, Nombre, ID_provincia) VALUES (10, 'Herrerafurt', 9);
INSERT INTO Localidad (ID_ciudad, Nombre, ID_provincia) VALUES (11, 'New Kellystad', 4);
INSERT INTO Localidad (ID_ciudad, Nombre, ID_provincia) VALUES (12, 'Lake Chad', 9);
INSERT INTO Localidad (ID_ciudad, Nombre, ID_provincia) VALUES (13, 'Port Keith', 7);
INSERT INTO Localidad (ID_ciudad, Nombre, ID_provincia) VALUES (14, 'Port Jesseville', 4);
INSERT INTO Localidad (ID_ciudad, Nombre, ID_provincia) VALUES (15, 'Ramirezstad', 8);
INSERT INTO Calle (ID_calle, Nombre, CP, ID_ciudad) VALUES (1, 'Mitchell Fords', '88342', 10);
INSERT INTO Calle (ID_calle, Nombre, CP, ID_ciudad) VALUES (2, 'Miles Springs', '85440', 5);
INSERT INTO Calle (ID_calle, Nombre, CP, ID_ciudad) VALUES (3, 'Chelsea Extension', '70511', 13);
INSERT INTO Calle (ID_calle, Nombre, CP, ID_ciudad) VALUES (4, 'Frank Light', '35883', 14);
INSERT INTO Calle (ID_calle, Nombre, CP, ID_ciudad) VALUES (5, 'Gabrielle Ville', '07832', 1);
INSERT INTO Calle (ID_calle, Nombre, CP, ID_ciudad) VALUES (6, 'Lydia Valley', '41848', 13);
INSERT INTO Calle (ID_calle, Nombre, CP, ID_ciudad) VALUES (7, 'Adams Forest', '74842', 13);
INSERT INTO Calle (ID_calle, Nombre, CP, ID_ciudad) VALUES (8, 'Lewis Parks', '52357', 3);
INSERT INTO Calle (ID_calle, Nombre, CP, ID_ciudad) VALUES (9, 'Thomas Dam', '32826', 12);
INSERT INTO Calle (ID_calle, Nombre, CP, ID_ciudad) VALUES (10, 'Burgess Meadow', '76985', 7);
INSERT INTO Calle (ID_calle, Nombre, CP, ID_ciudad) VALUES (11, 'Cox Dam', '67285', 6);
INSERT INTO Calle (ID_calle, Nombre, CP, ID_ciudad) VALUES (12, 'Davis Causeway', '14872', 5);
INSERT INTO Calle (ID_calle, Nombre, CP, ID_ciudad) VALUES (13, 'Courtney Turnpike', '89693', 3);
INSERT INTO Calle (ID_calle, Nombre, CP, ID_ciudad) VALUES (14, 'Carlson Lights', '50520', 4);
INSERT INTO Calle (ID_calle, Nombre, CP, ID_ciudad) VALUES (15, 'Rice Plaza', '02005', 13);
INSERT INTO Calle (ID_calle, Nombre, CP, ID_ciudad) VALUES (16, 'Erin Plain', '98920', 6);
INSERT INTO Calle (ID_calle, Nombre, CP, ID_ciudad) VALUES (17, 'Mack Junctions', '15122', 2);
INSERT INTO Calle (ID_calle, Nombre, CP, ID_ciudad) VALUES (18, 'Graham Motorway', '00926', 2);
INSERT INTO Calle (ID_calle, Nombre, CP, ID_ciudad) VALUES (19, 'Stanton Track', '23917', 7);
INSERT INTO Calle (ID_calle, Nombre, CP, ID_ciudad) VALUES (20, 'Monica Hills', '84249', 2);
INSERT INTO Domicilio (id_dom, numero, piso, ID_calle) VALUES (1, '932', 5, 12);
INSERT INTO Domicilio (id_dom, numero, piso, ID_calle) VALUES (2, '2880', 9, 9);
INSERT INTO Domicilio (id_dom, numero, piso, ID_calle) VALUES (3, '570', 0, 15);
INSERT INTO Domicilio (id_dom, numero, piso, ID_calle) VALUES (4, '54303', 8, 4);
INSERT INTO Domicilio (id_dom, numero, piso, ID_calle) VALUES (5, '117', 6, 3);
INSERT INTO Domicilio (id_dom, numero, piso, ID_calle) VALUES (6, '82278', 8, 10);
INSERT INTO Domicilio (id_dom, numero, piso, ID_calle) VALUES (7, '48963', 10, 20);
INSERT INTO Domicilio (id_dom, numero, piso, ID_calle) VALUES (8, '346', 5, 19);
INSERT INTO Domicilio (id_dom, numero, piso, ID_calle) VALUES (9, '578', 3, 3);
INSERT INTO Domicilio (id_dom, numero, piso, ID_calle) VALUES (10, '1331', 0, 8);
INSERT INTO Domicilio (id_dom, numero, piso, ID_calle) VALUES (11, '0983', 4, 3);
INSERT INTO Domicilio (id_dom, numero, piso, ID_calle) VALUES (12, '301', 3, 4);
INSERT INTO Domicilio (id_dom, numero, piso, ID_calle) VALUES (13, '031', 6, 9);
INSERT INTO Domicilio (id_dom, numero, piso, ID_calle) VALUES (14, '51834', 7, 12);
INSERT INTO Domicilio (id_dom, numero, piso, ID_calle) VALUES (15, '738', 2, 12);
INSERT INTO Domicilio (id_dom, numero, piso, ID_calle) VALUES (16, '99737', 5, 7);
INSERT INTO Domicilio (id_dom, numero, piso, ID_calle) VALUES (17, '3116', 10, 9);
INSERT INTO Domicilio (id_dom, numero, piso, ID_calle) VALUES (18, '6670', 10, 3);
INSERT INTO Domicilio (id_dom, numero, piso, ID_calle) VALUES (19, '106', 9, 6);
INSERT INTO Domicilio (id_dom, numero, piso, ID_calle) VALUES (20, '513', 8, 8);
INSERT INTO Domicilio (id_dom, numero, piso, ID_calle) VALUES (21, '38726', 2, 15);
INSERT INTO Domicilio (id_dom, numero, piso, ID_calle) VALUES (22, '47317', 6, 9);
INSERT INTO Domicilio (id_dom, numero, piso, ID_calle) VALUES (23, '108', 10, 18);
INSERT INTO Domicilio (id_dom, numero, piso, ID_calle) VALUES (24, '13267', 3, 11);
INSERT INTO Domicilio (id_dom, numero, piso, ID_calle) VALUES (25, '3602', 0, 8);
INSERT INTO Domicilio (id_dom, numero, piso, ID_calle) VALUES (26, '0647', 0, 11);
INSERT INTO Domicilio (id_dom, numero, piso, ID_calle) VALUES (27, '6872', 6, 9);
INSERT INTO Domicilio (id_dom, numero, piso, ID_calle) VALUES (28, '43098', 1, 7);
INSERT INTO Domicilio (id_dom, numero, piso, ID_calle) VALUES (29, '50097', 9, 11);
INSERT INTO Domicilio (id_dom, numero, piso, ID_calle) VALUES (30, '820', 3, 16);
INSERT INTO Empresa (cuit, razon_social, id_dom) VALUES ('77-1344047', 'Jones Inc', 13);
INSERT INTO Empresa (cuit, razon_social, id_dom) VALUES ('39-6774229', 'David PLC', 29);
INSERT INTO Empresa (cuit, razon_social, id_dom) VALUES ('40-9712650', 'Williams, Miller and Sandoval', 30);
INSERT INTO Empresa (cuit, razon_social, id_dom) VALUES ('86-8770838', 'Donovan-Harris', 21);
INSERT INTO Empresa (cuit, razon_social, id_dom) VALUES ('50-4004485', 'Foster-Powers', 15);
INSERT INTO Ranking (id_ranking, peso_imp) VALUES (1, 3);
INSERT INTO Ranking (id_ranking, peso_imp) VALUES (2, 5);
INSERT INTO Ranking (id_ranking, peso_imp) VALUES (3, 3);
INSERT INTO Ranking (id_ranking, peso_imp) VALUES (4, 4);
INSERT INTO Ranking (id_ranking, peso_imp) VALUES (5, 9);
INSERT INTO Categoria (nombre_cat, min_total_anual, promedio_mensual, id_ranking) VALUES ('Bronze', 5850.8, 772.31, 1);
INSERT INTO Categoria (nombre_cat, min_total_anual, promedio_mensual, id_ranking) VALUES ('Silver', 4855.9, 625.18, 2);
INSERT INTO Categoria (nombre_cat, min_total_anual, promedio_mensual, id_ranking) VALUES ('Gold', 4257.97, 997.59, 3);
INSERT INTO Categoria (nombre_cat, min_total_anual, promedio_mensual, id_ranking) VALUES ('Platinum', 2244.99, 544.16, 4);
INSERT INTO Categoria (nombre_cat, min_total_anual, promedio_mensual, id_ranking) VALUES ('Diamond', 7802.04, 874.99, 5);
INSERT INTO Promocion (ID_promocion, fecha_inicio, fecha_fin, descuento) VALUES (1, '2025-02-28 06:05:15', '2025-05-28 00:54:30', 14);
INSERT INTO Promocion (ID_promocion, fecha_inicio, fecha_fin, descuento) VALUES (2, '2025-03-03 09:29:33', '2025-03-17 11:34:04', 45);
INSERT INTO Promocion (ID_promocion, fecha_inicio, fecha_fin, descuento) VALUES (3, '2025-01-02 19:24:47', '2025-04-01 19:10:42', 15);
INSERT INTO Promocion (ID_promocion, fecha_inicio, fecha_fin, descuento) VALUES (4, '2025-05-01 14:48:42', '2025-05-28 22:44:48', 48);
INSERT INTO Promocion (ID_promocion, fecha_inicio, fecha_fin, descuento) VALUES (5, '2025-01-20 09:56:47', '2025-02-03 15:21:57', 32);
INSERT INTO Caracteristica (id_caracteristica, nombre_atraccion, altura_min, edad_min) VALUES (1, 'Note', 176, 6);
INSERT INTO Caracteristica (id_caracteristica, nombre_atraccion, altura_min, edad_min) VALUES (2, 'Different', 149, 11);
INSERT INTO Caracteristica (id_caracteristica, nombre_atraccion, altura_min, edad_min) VALUES (3, 'Move', 176, 12);
INSERT INTO Caracteristica (id_caracteristica, nombre_atraccion, altura_min, edad_min) VALUES (4, 'Evidence', 167, 9);
INSERT INTO Caracteristica (id_caracteristica, nombre_atraccion, altura_min, edad_min) VALUES (5, 'Cause', 170, 18);
INSERT INTO Titular (DNI, Nombre, Apellido, Celular, id_dom) VALUES (56843172, 'Nicole', 'Suarez', '(442)678-4980x841', 1);
INSERT INTO Titular (DNI, Nombre, Apellido, Celular, id_dom) VALUES (25492573, 'Pamela', 'Newton', '(944)693-5348', 22);
INSERT INTO Titular (DNI, Nombre, Apellido, Celular, id_dom) VALUES (16818112, 'Christopher', 'Henderson', '300-352-4278x680', 24);
INSERT INTO Titular (DNI, Nombre, Apellido, Celular, id_dom) VALUES (30005727, 'Amy', 'Davenport', '001-782-562-0450', 4);
INSERT INTO Titular (DNI, Nombre, Apellido, Celular, id_dom) VALUES (43491314, 'Elizabeth', 'Gomez', '+1-469-723-2260', 22);
INSERT INTO Titular (DNI, Nombre, Apellido, Celular, id_dom) VALUES (65259205, 'Leah', 'Shields', '942.716.0733', 29);
INSERT INTO Titular (DNI, Nombre, Apellido, Celular, id_dom) VALUES (50962024, 'Lori', 'Savage', '803.765.4145', 18);
INSERT INTO Titular (DNI, Nombre, Apellido, Celular, id_dom) VALUES (13704481, 'Darrell', 'Waller', '(894)301-9655', 25);
INSERT INTO Titular (DNI, Nombre, Apellido, Celular, id_dom) VALUES (61700055, 'Rachel', 'Lee', '7607883561', 9);
INSERT INTO Titular (DNI, Nombre, Apellido, Celular, id_dom) VALUES (99038359, 'Melanie', 'Cortez', '684-865-6482x3662', 25);
INSERT INTO Tarjeta (ID_tarjeta, foto, estado, Total_gastado, DNI) VALUES (1, 'https://dummyimage.com/0x622', True, 3204.81, 56843172);
INSERT INTO Tarjeta (ID_tarjeta, foto, estado, Total_gastado, DNI) VALUES (2, 'https://dummyimage.com/880x659', False, 557.76, 25492573);
INSERT INTO Tarjeta (ID_tarjeta, foto, estado, Total_gastado, DNI) VALUES (3, 'https://placekitten.com/905/437', False, 2173.83, 16818112);
INSERT INTO Tarjeta (ID_tarjeta, foto, estado, Total_gastado, DNI) VALUES (4, 'https://dummyimage.com/347x173', False, 2268.62, 30005727);
INSERT INTO Tarjeta (ID_tarjeta, foto, estado, Total_gastado, DNI) VALUES (5, 'https://picsum.photos/686/191', False, 4769.08, 43491314);
INSERT INTO Tarjeta (ID_tarjeta, foto, estado, Total_gastado, DNI) VALUES (6, 'https://picsum.photos/635/460', True, 4379.26, 65259205);
INSERT INTO Tarjeta (ID_tarjeta, foto, estado, Total_gastado, DNI) VALUES (7, 'https://picsum.photos/50/94', False, 1316.95, 50962024);
INSERT INTO Tarjeta (ID_tarjeta, foto, estado, Total_gastado, DNI) VALUES (8, 'https://dummyimage.com/149x932', False, 2502.93, 13704481);
INSERT INTO Tarjeta (ID_tarjeta, foto, estado, Total_gastado, DNI) VALUES (9, 'https://dummyimage.com/398x786', False, 893.26, 61700055);
INSERT INTO Tarjeta (ID_tarjeta, foto, estado, Total_gastado, DNI) VALUES (10, 'https://placekitten.com/499/302', False, 4563.14, 99038359);
INSERT INTO Medio_de_Pago (id_medio, banco, tipo) VALUES (1, 'Stafford Inc', 'Transferencia');
INSERT INTO Medio_de_Pago (id_medio, banco, tipo) VALUES (2, 'Robinson-Brock', 'Débito');
INSERT INTO Medio_de_Pago (id_medio, banco, tipo) VALUES (3, 'Holmes, Williams and Wright', 'Transferencia');
INSERT INTO Medio_de_Pago (id_medio, banco, tipo) VALUES (4, 'Bryant Group', 'Transferencia');
INSERT INTO Medio_de_Pago (id_medio, banco, tipo) VALUES (5, 'Schmidt, Hansen and Stewart', 'Transferencia');
INSERT INTO Factura (Nro_factura, fecha_emision, fecha_vencimiento, importe_total, pagado, DNI, id_medio_pago) VALUES (1, '2025-03-27 22:32:29', '2025-05-25 00:00:00', 279.02, False, 65259205, 2);
INSERT INTO Factura (Nro_factura, fecha_emision, fecha_vencimiento, importe_total, pagado, DNI, id_medio_pago) VALUES (2, '2025-04-09 00:26:12', '2025-05-20 00:00:00', 585.44, False, 61700055, 1);
INSERT INTO Factura (Nro_factura, fecha_emision, fecha_vencimiento, importe_total, pagado, DNI, id_medio_pago) VALUES (3, '2025-03-28 14:06:28', '2025-04-12 00:00:00', 639.05, False, 13704481, 1);
INSERT INTO Factura (Nro_factura, fecha_emision, fecha_vencimiento, importe_total, pagado, DNI, id_medio_pago) VALUES (4, '2025-04-03 04:08:35', '2025-05-16 00:00:00', 200.68, True, 65259205, 3);
INSERT INTO Factura (Nro_factura, fecha_emision, fecha_vencimiento, importe_total, pagado, DNI, id_medio_pago) VALUES (5, '2025-02-18 00:13:14', '2025-04-12 00:00:00', 315.51, False, 30005727, 5);
INSERT INTO Factura (Nro_factura, fecha_emision, fecha_vencimiento, importe_total, pagado, DNI, id_medio_pago) VALUES (6, '2025-04-12 05:25:59', '2025-05-29 00:00:00', 952.25, False, 25492573, 4);
INSERT INTO Factura (Nro_factura, fecha_emision, fecha_vencimiento, importe_total, pagado, DNI, id_medio_pago) VALUES (7, '2025-02-16 10:57:59', '2025-04-10 00:00:00', 834.42, False, 61700055, 2);
INSERT INTO Factura (Nro_factura, fecha_emision, fecha_vencimiento, importe_total, pagado, DNI, id_medio_pago) VALUES (8, '2025-01-16 01:05:54', '2025-06-03 00:00:00', 215.55, True, 13704481, 5);
INSERT INTO Factura (Nro_factura, fecha_emision, fecha_vencimiento, importe_total, pagado, DNI, id_medio_pago) VALUES (9, '2025-02-15 12:49:09', '2025-04-08 00:00:00', 248.61, True, 61700055, 5);
INSERT INTO Factura (Nro_factura, fecha_emision, fecha_vencimiento, importe_total, pagado, DNI, id_medio_pago) VALUES (10, '2025-03-04 01:57:16', '2025-03-19 00:00:00', 480.82, True, 30005727, 5);
INSERT INTO Entretenimiento (id_entretenimiento, fecha, nombre, precio, tipo, min_categoria) VALUES (1, '2025-01-30 06:55:18', 'Reyes and Sons', 155.95, 'Evento', 'Gold');
INSERT INTO Entretenimiento (id_entretenimiento, fecha, nombre, precio, tipo, min_categoria) VALUES (2, '2025-02-11 13:05:33', 'Perry LLC', 91.82, 'Parque', 'Platinum');
INSERT INTO Entretenimiento (id_entretenimiento, fecha, nombre, precio, tipo, min_categoria) VALUES (3, '2025-04-16 08:45:04', 'Perry-Clark', 181.93, 'Parque', 'Bronze');
INSERT INTO Entretenimiento (id_entretenimiento, fecha, nombre, precio, tipo, min_categoria) VALUES (4, '2025-03-23 14:00:38', 'Stein-Silva', 64.62, 'Evento', 'Gold');
INSERT INTO Entretenimiento (id_entretenimiento, fecha, nombre, precio, tipo, min_categoria) VALUES (5, '2025-01-04 19:01:31', 'James, Smith and Bell', 23.79, 'Evento', 'Diamond');
INSERT INTO Entretenimiento (id_entretenimiento, fecha, nombre, precio, tipo, min_categoria) VALUES (6, '2025-03-17 17:28:10', 'Medina-Navarro', 59.64, 'Evento', 'Bronze');
INSERT INTO Entretenimiento (id_entretenimiento, fecha, nombre, precio, tipo, min_categoria) VALUES (7, '2025-04-28 03:21:38', 'Freeman LLC', 61.21, 'Evento', 'Gold');
INSERT INTO Entretenimiento (id_entretenimiento, fecha, nombre, precio, tipo, min_categoria) VALUES (8, '2025-03-26 15:08:34', 'Johnson-Rogers', 32.75, 'Evento', 'Gold');
INSERT INTO Entretenimiento (id_entretenimiento, fecha, nombre, precio, tipo, min_categoria) VALUES (9, '2025-03-20 12:15:08', 'Martin, Mcdonald and Anderson', 140.42, 'Evento', 'Diamond');
INSERT INTO Entretenimiento (id_entretenimiento, fecha, nombre, precio, tipo, min_categoria) VALUES (10, '2025-05-01 19:55:39', 'Johnson, Long and Elliott', 43.82, 'Parque', 'Silver');
INSERT INTO Parque_de_Diversiones (id_entretenimiento, fecha) VALUES (2, '2025-02-11 13:05:33');
INSERT INTO Parque_de_Diversiones (id_entretenimiento, fecha) VALUES (3, '2025-04-16 08:45:04');
INSERT INTO Parque_de_Diversiones (id_entretenimiento, fecha) VALUES (10, '2025-05-01 19:55:39');
INSERT INTO Evento (id_entretenimiento, fecha, fecha_inicio, fecha_fin, cuit) VALUES (1, '2025-01-30 06:55:18', '2025-01-30 06:55:18', '2025-02-04 00:00:00', '86-8770838');
INSERT INTO Evento (id_entretenimiento, fecha, fecha_inicio, fecha_fin, cuit) VALUES (4, '2025-03-23 14:00:38', '2025-03-23 14:00:38', '2025-03-31 00:00:00', '86-8770838');
INSERT INTO Evento (id_entretenimiento, fecha, fecha_inicio, fecha_fin, cuit) VALUES (5, '2025-01-04 19:01:31', '2025-01-04 19:01:31', '2025-05-08 00:00:00', '39-6774229');
INSERT INTO Evento (id_entretenimiento, fecha, fecha_inicio, fecha_fin, cuit) VALUES (6, '2025-03-17 17:28:10', '2025-03-17 17:28:10', '2025-04-27 00:00:00', '77-1344047');
INSERT INTO Evento (id_entretenimiento, fecha, fecha_inicio, fecha_fin, cuit) VALUES (7, '2025-04-28 03:21:38', '2025-04-28 03:21:38', '2025-05-04 00:00:00', '77-1344047');
INSERT INTO Evento (id_entretenimiento, fecha, fecha_inicio, fecha_fin, cuit) VALUES (8, '2025-03-26 15:08:34', '2025-03-26 15:08:34', '2025-05-09 00:00:00', '86-8770838');
INSERT INTO Evento (id_entretenimiento, fecha, fecha_inicio, fecha_fin, cuit) VALUES (9, '2025-03-20 12:15:08', '2025-03-20 12:15:08', '2025-04-06 00:00:00', '40-9712650');
INSERT INTO Atraccion (id_atraccion, fecha, precio, id_caracteristica, id_parque, fecha_parque) VALUES (1, '2025-01-10 18:20:36', 70.5, 1, 3, '2025-04-16 08:45:04');
INSERT INTO Atraccion (id_atraccion, fecha, precio, id_caracteristica, id_parque, fecha_parque) VALUES (2, '2025-02-20 12:24:58', 103.22, 1, 10, '2025-05-01 19:55:39');
INSERT INTO Atraccion (id_atraccion, fecha, precio, id_caracteristica, id_parque, fecha_parque) VALUES (3, '2025-03-15 14:45:07', 69.35, 3, 2, '2025-02-11 13:05:33');
INSERT INTO Atraccion (id_atraccion, fecha, precio, id_caracteristica, id_parque, fecha_parque) VALUES (4, '2025-03-05 13:34:26', 48.57, 2, 2, '2025-02-11 13:05:33');
INSERT INTO Atraccion (id_atraccion, fecha, precio, id_caracteristica, id_parque, fecha_parque) VALUES (5, '2025-02-11 02:24:30', 75.56, 4, 10, '2025-05-01 19:55:39');
INSERT INTO Atraccion (id_atraccion, fecha, precio, id_caracteristica, id_parque, fecha_parque) VALUES (6, '2025-03-30 07:03:08', 52.6, 2, 2, '2025-02-11 13:05:33');
INSERT INTO Atraccion (id_atraccion, fecha, precio, id_caracteristica, id_parque, fecha_parque) VALUES (7, '2025-03-05 11:12:42', 74.82, 5, 2, '2025-02-11 13:05:33');
INSERT INTO Atraccion (id_atraccion, fecha, precio, id_caracteristica, id_parque, fecha_parque) VALUES (8, '2025-03-07 12:51:59', 21.83, 5, 2, '2025-02-11 13:05:33');
INSERT INTO Atraccion (id_atraccion, fecha, precio, id_caracteristica, id_parque, fecha_parque) VALUES (9, '2025-03-15 14:51:22', 145.81, 2, 2, '2025-02-11 13:05:33');
INSERT INTO Atraccion (id_atraccion, fecha, precio, id_caracteristica, id_parque, fecha_parque) VALUES (10, '2025-02-24 00:46:11', 69.87, 4, 2, '2025-02-11 13:05:33');
INSERT INTO Linea_Factura (id_linea, fecha_de_consumo, monto, nro_factura, id_tarjeta, id_entretenimiento, fecha_entret, id_atraccion, fecha_atraccion) VALUES (1, '2025-02-27 00:00:00', 132.32, 4, 7, 1, '2025-01-30 06:55:18', 3, '2025-03-15 14:45:07');
INSERT INTO Linea_Factura (id_linea, fecha_de_consumo, monto, nro_factura, id_tarjeta, id_entretenimiento, fecha_entret, id_atraccion, fecha_atraccion) VALUES (2, '2025-03-30 00:00:00', 144.21, 7, 5, 8, '2025-03-26 15:08:34', 5, '2025-02-11 02:24:30');
INSERT INTO Linea_Factura (id_linea, fecha_de_consumo, monto, nro_factura, id_tarjeta, id_entretenimiento, fecha_entret, id_atraccion, fecha_atraccion) VALUES (3, '2024-10-21 00:00:00', 110.11, 9, 8, 3, '2025-04-16 08:45:04', 4, '2025-03-05 13:34:26');
INSERT INTO Linea_Factura (id_linea, fecha_de_consumo, monto, nro_factura, id_tarjeta, id_entretenimiento, fecha_entret, id_atraccion, fecha_atraccion) VALUES (4, '2024-08-16 00:00:00', 231.95, 1, 10, 9, '2025-03-20 12:15:08', 1, '2025-01-10 18:20:36');
INSERT INTO Linea_Factura (id_linea, fecha_de_consumo, monto, nro_factura, id_tarjeta, id_entretenimiento, fecha_entret, id_atraccion, fecha_atraccion) VALUES (5, '2025-03-31 00:00:00', 165.77, 1, 1, 10, '2025-05-01 19:55:39', 8, '2025-03-07 12:51:59');
INSERT INTO Linea_Factura (id_linea, fecha_de_consumo, monto, nro_factura, id_tarjeta, id_entretenimiento, fecha_entret, id_atraccion, fecha_atraccion) VALUES (6, '2024-06-11 00:00:00', 51.63, 9, 3, 1, '2025-01-30 06:55:18', 9, '2025-03-15 14:51:22');
INSERT INTO Linea_Factura (id_linea, fecha_de_consumo, monto, nro_factura, id_tarjeta, id_entretenimiento, fecha_entret, id_atraccion, fecha_atraccion) VALUES (7, '2024-11-09 00:00:00', 212.31, 3, 2, 10, '2025-05-01 19:55:39', 2, '2025-02-20 12:24:58');
INSERT INTO Linea_Factura (id_linea, fecha_de_consumo, monto, nro_factura, id_tarjeta, id_entretenimiento, fecha_entret, id_atraccion, fecha_atraccion) VALUES (8, '2024-05-18 00:00:00', 96.48, 4, 7, 2, '2025-02-11 13:05:33', 10, '2025-02-24 00:46:11');
INSERT INTO Linea_Factura (id_linea, fecha_de_consumo, monto, nro_factura, id_tarjeta, id_entretenimiento, fecha_entret, id_atraccion, fecha_atraccion) VALUES (9, '2025-02-25 00:00:00', 143.19, 10, 1, 10, '2025-05-01 19:55:39', 2, '2025-02-20 12:24:58');
INSERT INTO Linea_Factura (id_linea, fecha_de_consumo, monto, nro_factura, id_tarjeta, id_entretenimiento, fecha_entret, id_atraccion, fecha_atraccion) VALUES (10, '2024-12-06 00:00:00', 282.37, 10, 10, 9, '2025-03-20 12:15:08', 6, '2025-03-30 07:03:08');
INSERT INTO HistorialCategoria (id_historial, fecha_de_inicio, ID_tarjeta, nombre_cat) VALUES (1, '2023-06-21 00:00:00', 4, 'Gold');
INSERT INTO HistorialCategoria (id_historial, fecha_de_inicio, ID_tarjeta, nombre_cat) VALUES (2, '2024-02-07 00:00:00', 4, 'Gold');
INSERT INTO HistorialCategoria (id_historial, fecha_de_inicio, ID_tarjeta, nombre_cat) VALUES (3, '2023-11-02 00:00:00', 7, 'Silver');
INSERT INTO HistorialCategoria (id_historial, fecha_de_inicio, ID_tarjeta, nombre_cat) VALUES (4, '2024-09-27 00:00:00', 5, 'Platinum');
INSERT INTO HistorialCategoria (id_historial, fecha_de_inicio, ID_tarjeta, nombre_cat) VALUES (5, '2023-07-04 00:00:00', 6, 'Bronze');
INSERT INTO HistorialCategoria (id_historial, fecha_de_inicio, ID_tarjeta, nombre_cat) VALUES (6, '2025-01-07 00:00:00', 1, 'Platinum');
INSERT INTO HistorialCategoria (id_historial, fecha_de_inicio, ID_tarjeta, nombre_cat) VALUES (7, '2024-09-29 00:00:00', 10, 'Diamond');
INSERT INTO HistorialCategoria (id_historial, fecha_de_inicio, ID_tarjeta, nombre_cat) VALUES (8, '2023-06-12 00:00:00', 2, 'Bronze');
INSERT INTO HistorialCategoria (id_historial, fecha_de_inicio, ID_tarjeta, nombre_cat) VALUES (9, '2024-12-17 00:00:00', 9, 'Silver');
INSERT INTO HistorialCategoria (id_historial, fecha_de_inicio, ID_tarjeta, nombre_cat) VALUES (10, '2023-06-05 00:00:00', 9, 'Gold');
INSERT INTO Promocion_Atraccion (ID_promocion, id_atraccion, fecha) VALUES (2, 6, '2025-03-30 07:03:08');
INSERT INTO Promocion_Atraccion (ID_promocion, id_atraccion, fecha) VALUES (1, 4, '2025-03-05 13:34:26');
INSERT INTO Promocion_Atraccion (ID_promocion, id_atraccion, fecha) VALUES (3, 5, '2025-02-11 02:24:30');
INSERT INTO Promocion_Atraccion (ID_promocion, id_atraccion, fecha) VALUES (2, 8, '2025-03-07 12:51:59');
INSERT INTO Promocion_Atraccion (ID_promocion, id_atraccion, fecha) VALUES (5, 5, '2025-02-11 02:24:30');
INSERT INTO Promocion_Atraccion (ID_promocion, id_atraccion, fecha) VALUES (5, 9, '2025-03-15 14:51:22');
INSERT INTO Promocion_Atraccion (ID_promocion, id_atraccion, fecha) VALUES (1, 9, '2025-03-15 14:51:22');
INSERT INTO Promocion_Atraccion (ID_promocion, id_atraccion, fecha) VALUES (3, 2, '2025-02-20 12:24:58');
INSERT INTO Promocion_Atraccion (ID_promocion, id_atraccion, fecha) VALUES (2, 5, '2025-02-11 02:24:30');
INSERT INTO Promocion_Atraccion (ID_promocion, id_atraccion, fecha) VALUES (1, 2, '2025-02-20 12:24:58');
INSERT INTO Promo_Entret (ID_promocion, id_entretenimiento, fecha) VALUES (5, 3, '2025-04-16 08:45:04');
INSERT INTO Promo_Entret (ID_promocion, id_entretenimiento, fecha) VALUES (3, 5, '2025-01-04 19:01:31');
INSERT INTO Promo_Entret (ID_promocion, id_entretenimiento, fecha) VALUES (5, 4, '2025-03-23 14:00:38');
INSERT INTO Promo_Entret (ID_promocion, id_entretenimiento, fecha) VALUES (3, 4, '2025-03-23 14:00:38');
INSERT INTO Promo_Entret (ID_promocion, id_entretenimiento, fecha) VALUES (3, 9, '2025-03-20 12:15:08');
INSERT INTO Promo_Entret (ID_promocion, id_entretenimiento, fecha) VALUES (4, 5, '2025-01-04 19:01:31');
INSERT INTO Promo_Entret (ID_promocion, id_entretenimiento, fecha) VALUES (1, 2, '2025-02-11 13:05:33');
INSERT INTO Promo_Entret (ID_promocion, id_entretenimiento, fecha) VALUES (1, 1, '2025-01-30 06:55:18');
INSERT INTO Promo_Entret (ID_promocion, id_entretenimiento, fecha) VALUES (3, 3, '2025-04-16 08:45:04');
INSERT INTO Promo_Entret (ID_promocion, id_entretenimiento, fecha) VALUES (4, 9, '2025-03-20 12:15:08');
INSERT INTO cat_promo (nombre_cat, ID_promocion) VALUES ('Platinum', 5);
INSERT INTO cat_promo (nombre_cat, ID_promocion) VALUES ('Bronze', 1);
INSERT INTO cat_promo (nombre_cat, ID_promocion) VALUES ('Bronze', 2);
INSERT INTO cat_promo (nombre_cat, ID_promocion) VALUES ('Diamond', 1);
INSERT INTO cat_promo (nombre_cat, ID_promocion) VALUES ('Gold', 5);
INSERT INTO cat_promo (nombre_cat, ID_promocion) VALUES ('Diamond', 2);
INSERT INTO cat_promo (nombre_cat, ID_promocion) VALUES ('Platinum', 2);
INSERT INTO cat_promo (nombre_cat, ID_promocion) VALUES ('Bronze', 3);
INSERT INTO cat_promo (nombre_cat, ID_promocion) VALUES ('Gold', 1);
INSERT INTO cat_promo (nombre_cat, ID_promocion) VALUES ('Gold', 2);
